"PLAYER_ID","WEEKDAY","OPPOSITE_TEAM","SEASON_ID","RATING","ID"
2155,"2","GÓR",1,5,122155
1524,"2","GÓR",1,6,121524
2160,"2","GÓR",1,4,122160
2229,"2","GÓR",1,4,122229
2322,"2","GÓR",1,3,122322
2161,"2","GÓR",1,5,122161
679,"2","GÓR",1,7,12679
720,"2","PUN",1,3,12720
2358,"2","GÓR",1,6,122358
851,"2","GÓR",1,4,12851
1021,"2","GÓR",1,4,121021
1493,"2","PUN",1,5,121493
1192,"2","PUN",1,4,121192
2387,"2","PUN",1,4,122387
166,"2","PUN",1,5,12166
2388,"2","PUN",1,7,122388
1680,"2","PUN",1,6,121680
705,"2","PUN",1,6,12705
1854,"2","PUN",1,2,121854
1411,"1","LGD",1,5,111411
830,"1","LGD",1,5,11830
2222,"1","LGD",1,6,112222
2331,"1","LGD",1,2,112331
777,"1","LGD",1,4,11777
2273,"1","LGD",1,5,112273
2001,"1","LGD",1,5,112001
1268,"1","LGD",1,5,111268
2363,"1","LGD",1,3,112363
1092,"1","LGD",1,4,111092
1269,"1","LGD",1,4,111269
1702,"2","PUN",1,4,121702
2336,"2","PUN",1,4,122336
1553,"2","PUN",1,4,121553
2473,"2","GÓR",1,6,122473
2385,"2","PUN",1,5,122385
1146,"2","PUN",1,3,121146
1906,"2","JAG",1,4,121906
1225,"2","JAG",1,7,121225
1781,"2","JAG",1,4,121781
950,"2","JAG",1,3,12950
2435,"2","JAG",1,3,122435
2349,"2","JAG",1,3,122349
1926,"2","JAG",1,3,121926
2323,"2","JAG",1,3,122323
2392,"2","RAD",1,4,122392
2365,"2","JAG",1,6,122365
2082,"2","JAG",1,7,122082
1795,"2","RAD",1,4,121795
2447,"2","RAD",1,7,122447
2189,"2","RAD",1,3,122189
2307,"2","RAD",1,4,122307
2104,"2","RAD",1,5,122104
395,"2","RAD",1,8,12395
86,"2","RAD",1,6,1286
1943,"2","RAD",1,3,121943
765,"2","RAD",1,3,12765
2190,"2","RAD",1,3,122190
2389,"2","RAD",1,3,122389
1688,"2","JAG",1,6,121688
1879,"2","JAG",1,5,121879
2205,"2","RAD",1,4,122205
2391,"2","RAD",1,6,122391
2083,"2","RAD",1,6,122083
1411,"2","PIA",1,4,121411
1505,"2","PIA",1,2,121505
2331,"2","PIA",1,4,122331
2222,"2","PIA",1,3,122222
2342,"2","PIA",1,4,122342
2119,"2","PIA",1,2,122119
2001,"2","PIA",1,5,122001
1268,"2","PIA",1,3,121268
2273,"2","PIA",1,5,122273
2244,"2","PIA",1,2,122244
1269,"2","PIA",1,3,121269
2094,"2","PIA",1,3,122094
777,"2","PIA",1,3,12777
2399,"1","ŚLA",1,5,112399
2404,"1","ŚLA",1,4,112404
2405,"1","ŚLA",1,5,112405
2402,"1","ŚLA",1,6,112402
1922,"1","ŚLA",1,5,111922
2410,"1","ŚLA",1,3,112410
2407,"1","ŚLA",1,5,112407
991,"1","ŚLA",1,6,11991
2408,"1","ŚLA",1,5,112408
2110,"1","ŚLA",1,5,112110
1477,"1","ŚLA",1,3,111477
2270,"1","ŚLA",1,3,112270
790,"2","ŚLA",1,5,12790
1241,"2","ŚLA",1,5,121241
256,"2","ŚLA",1,5,12256
1386,"2","ŚLA",1,6,121386
1480,"2","ŚLA",1,7,121480
432,"2","ŚLA",1,6,12432
1010,"2","ŚLA",1,4,121010
587,"2","ŚLA",1,5,12587
1719,"2","ŚLA",1,7,121719
171,"2","ŚLA",1,4,12171
942,"2","ŚLA",1,4,12942
714,"2","ŚLA",1,3,12714
1490,"2","CRA",1,4,121490
2455,"2","RCZ",1,4,122455
1545,"2","CRA",1,4,121545
1853,"2","CRA",1,4,121853
1299,"2","CRA",1,4,121299
2030,"2","CRA",1,4,122030
1900,"2","CRA",1,4,121900
1341,"2","CRA",1,3,121341
2436,"2","CRA",1,2,122436
1168,"2","RCZ",1,2,121168
2285,"2","CRA",1,3,122285
1948,"2","RCZ",1,6,121948
2359,"2","RCZ",1,4,122359
1886,"2","RCZ",1,6,121886
2283,"2","RCZ",1,6,122283
2087,"2","RCZ",1,6,122087
1697,"2","RCZ",1,6,121697
2353,"2","RCZ",1,6,122353
1012,"2","RCZ",1,4,121012
2462,"2","RCZ",1,3,122462
1971,"2","RCZ",1,4,121971
2457,"2","RCZ",1,4,122457
1373,"2","CRA",1,4,121373
2449,"2","CRA",1,4,122449
1696,"2","RCZ",1,5,121696
2088,"2","RCZ",1,5,122088
1493,"3","POG",1,6,131493
1192,"3","POG",1,5,131192
2387,"3","POG",1,6,132387
166,"3","POG",1,5,13166
2388,"3","POG",1,6,132388
1680,"3","POG",1,6,131680
705,"3","POG",1,6,13705
1471,"3","POG",1,4,131471
1702,"3","POG",1,5,131702
2385,"3","POG",1,3,132385
1146,"3","POG",1,3,131146
2286,"3","GÓR",1,4,132286
2071,"3","GÓR",1,4,132071
1015,"3","GÓR",1,5,131015
1250,"3","GÓR",1,5,131250
2073,"3","GÓR",1,5,132073
2280,"3","GÓR",1,4,132280
1794,"3","GÓR",1,2,131794
1486,"3","GÓR",1,4,131486
1889,"3","GÓR",1,5,131889
1835,"3","GÓR",1,6,131835
2214,"3","GÓR",1,3,132214
1553,"3","GÓR",1,7,131553
2386,"3","POG",1,5,132386
2461,"3","POG",1,5,132461
645,"3","GÓR",1,5,13645
2002,"3","GÓR",1,4,132002
2083,"1","PUN",1,5,112083
2189,"1","PUN",1,4,112189
1169,"1","PUN",1,5,111169
2104,"1","PUN",1,6,112104
395,"1","PUN",1,4,11395
86,"1","PUN",1,5,1186
1943,"1","PUN",1,3,111943
765,"1","PUN",1,4,11765
2190,"1","PUN",1,6,112190
2205,"1","PUN",1,4,112205
2155,"1","JAG",1,4,112155
720,"1","JAG",1,5,11720
2160,"1","JAG",1,6,112160
2229,"1","JAG",1,6,112229
2322,"1","JAG",1,3,112322
679,"1","JAG",1,3,11679
88,"1","JAG",1,3,1188
1524,"1","JAG",1,3,111524
518,"1","JAG",1,2,11518
851,"1","JAG",1,4,11851
1021,"1","JAG",1,4,111021
2447,"1","PUN",1,5,112447
1920,"1","PUN",1,6,111920
2391,"1","PUN",1,7,112391
2161,"1","JAG",1,3,112161
2358,"1","JAG",1,6,112358
1795,"1","PUN",1,3,111795
2286,"1","KOR",1,5,112286
2071,"1","KOR",1,6,112071
1015,"1","KOR",1,5,111015
1250,"1","KOR",1,6,111250
2073,"1","KOR",1,5,112073
2280,"1","KOR",1,6,112280
1794,"1","KOR",1,6,111794
1486,"1","KOR",1,6,111486
2092,"1","KOR",1,5,112092
1835,"1","KOR",1,6,111835
2214,"1","KOR",1,7,112214
1400,"1","POG",1,5,111400
1756,"1","POG",1,3,111756
298,"1","POG",1,3,11298
501,"1","POG",1,3,11501
2458,"1","POG",1,3,112458
2268,"1","POG",1,4,112268
1529,"1","POG",1,3,111529
1994,"1","POG",1,3,111994
2393,"1","POG",1,3,112393
791,"1","POG",1,2,11791
1954,"1","POG",1,3,111954
1889,"1","KOR",1,6,111889
2312,"1","KOR",1,4,112312
2208,"1","POG",1,3,112208
2206,"1","POG",1,3,112206
860,"1","POG",1,4,11860
2394,"1","POG",1,3,112394
1715,"1","ZAG",1,5,111715
1931,"1","ZAG",1,5,111931
2095,"1","ZAG",1,5,112095
2191,"1","ZAG",1,6,112191
2317,"1","ZAG",1,4,112317
1285,"1","ZAG",1,7,111285
2428,"1","ZAG",1,5,112428
1521,"1","ZAG",1,5,111521
1319,"1","ZAG",1,6,111319
1362,"1","ZAG",1,4,111362
1898,"1","ZAG",1,6,111898
130,"1","LEG",1,3,11130
1483,"1","LEG",1,4,111483
1455,"1","LEG",1,2,111455
681,"1","LEG",1,1,11681
640,"1","LEG",1,5,11640
20,"1","LEG",1,3,1120
1055,"1","LEG",1,4,111055
633,"1","LEG",1,2,11633
2200,"1","LEG",1,3,112200
1770,"1","LEG",1,5,111770
2047,"1","LEG",1,2,112047
2431,"1","ZAG",1,6,112431
1923,"1","ZAG",1,4,111923
923,"1","ZAG",1,6,11923
2239,"1","LEG",1,5,112239
827,"1","LEG",1,4,11827
2445,"1","LEG",1,3,112445
1948,"1","PIA",1,5,111948
2359,"1","PIA",1,3,112359
2283,"1","PIA",1,3,112283
1886,"1","PIA",1,4,111886
1012,"1","PIA",1,4,111012
1698,"1","PIA",1,3,111698
1697,"1","PIA",1,4,111697
1186,"1","PIA",1,4,111186
1971,"1","PIA",1,4,111971
2262,"1","PIA",1,3,112262
790,"1","CRA",1,5,11790
1241,"1","CRA",1,5,111241
256,"1","CRA",1,3,11256
1386,"1","CRA",1,5,111386
1480,"1","CRA",1,5,111480
432,"1","CRA",1,4,11432
587,"1","CRA",1,5,11587
1719,"1","CRA",1,5,111719
1010,"1","CRA",1,7,111010
171,"1","CRA",1,4,11171
942,"1","CRA",1,3,11942
2457,"1","PIA",1,6,112457
2462,"1","PIA",1,4,112462
2353,"1","PIA",1,3,112353
1757,"1","GÓR",1,6,111757
2209,"1","GÓR",1,4,112209
1573,"1","GÓR",1,6,111573
2448,"1","GÓR",1,5,112448
1712,"1","GÓR",1,6,111712
1632,"1","GÓR",1,6,111632
1576,"1","GÓR",1,5,111576
1562,"1","GÓR",1,5,111562
1964,"1","GÓR",1,5,111964
1791,"1","GÓR",1,4,111791
1475,"1","GÓR",1,6,111475
1493,"1","LPO",1,5,111493
1471,"1","LPO",1,3,111471
2387,"1","LPO",1,4,112387
166,"1","LPO",1,6,11166
2388,"1","LPO",1,4,112388
2386,"1","LPO",1,4,112386
705,"1","LPO",1,4,11705
1918,"1","LPO",1,3,111918
1702,"1","LPO",1,4,111702
2336,"1","LPO",1,2,112336
1146,"1","LPO",1,2,111146
2238,"1","GÓR",1,6,112238
2234,"1","GÓR",1,4,112234
1553,"1","LPO",1,3,111553
1680,"1","LPO",1,6,111680
1854,"1","LPO",1,5,111854
2385,"1","LPO",1,5,112385
2450,"1","RCZ",1,6,112450
2417,"1","RCZ",1,4,112417
1393,"1","RCZ",1,4,111393
773,"1","RCZ",1,3,11773
264,"1","RCZ",1,2,11264
2425,"1","RCZ",1,3,112425
2419,"1","RCZ",1,5,112419
988,"1","RCZ",1,3,11988
2424,"1","RCZ",1,4,112424
1754,"1","RCZ",1,4,111754
1522,"1","RCZ",1,2,111522
1490,"1","MOT",1,5,111490
10,"1","MOT",1,5,1110
1545,"1","MOT",1,5,111545
1853,"1","MOT",1,4,111853
1299,"1","MOT",1,4,111299
1900,"1","MOT",1,6,111900
2030,"1","MOT",1,5,112030
1341,"1","MOT",1,6,111341
2436,"1","MOT",1,4,112436
2285,"1","MOT",1,7,112285
1168,"1","MOT",1,4,111168
2415,"1","RCZ",1,4,112415
2314,"1","RCZ",1,4,112314
2423,"1","RCZ",1,5,112423
2399,"2","MOT",1,4,122399
2404,"2","MOT",1,3,122404
2403,"2","MOT",1,3,122403
2402,"2","MOT",1,3,122402
1922,"2","MOT",1,3,121922
2410,"2","MOT",1,3,122410
2413,"2","MOT",1,1,122413
991,"2","MOT",1,1,12991
2408,"2","MOT",1,3,122408
2110,"2","MOT",1,4,122110
1477,"2","MOT",1,2,121477
2450,"2","LGD",1,4,122450
2417,"2","LGD",1,6,122417
2415,"2","LGD",1,5,122415
264,"2","LGD",1,6,12264
2425,"2","LGD",1,5,122425
988,"2","LGD",1,2,12988
2420,"2","LGD",1,3,122420
2424,"2","LGD",1,6,122424
2419,"2","LGD",1,6,122419
2423,"2","LGD",1,3,122423
1522,"2","LGD",1,5,121522
2411,"2","MOT",1,4,122411
2314,"2","LGD",1,5,122314
773,"2","LGD",1,4,12773
1754,"2","LGD",1,6,121754
382,"2","POG",1,4,12382
1483,"2","POG",1,4,121483
1455,"2","POG",1,3,121455
2239,"2","POG",1,3,122239
827,"2","POG",1,3,12827
2200,"2","POG",1,3,122200
20,"2","POG",1,5,1220
1055,"2","POG",1,4,121055
633,"2","POG",1,4,12633
2047,"2","POG",1,5,122047
1770,"2","POG",1,6,121770
2286,"2","ZAG",1,4,122286
2071,"2","ZAG",1,4,122071
1015,"2","ZAG",1,4,121015
1250,"2","ZAG",1,3,121250
2073,"2","ZAG",1,3,122073
2280,"2","ZAG",1,4,122280
1794,"2","ZAG",1,7,121794
1486,"2","ZAG",1,5,121486
1889,"2","ZAG",1,5,121889
1835,"2","ZAG",1,5,121835
2214,"2","ZAG",1,6,122214
2445,"2","POG",1,3,122445
1653,"2","POG",1,4,121653
645,"2","ZAG",1,4,12645
2002,"2","ZAG",1,4,122002
1400,"2","LEG",1,5,121400
2163,"2","LEG",1,5,122163
501,"2","LEG",1,4,12501
298,"2","LEG",1,4,12298
2458,"2","LEG",1,4,122458
2268,"2","LEG",1,4,122268
1756,"2","LEG",1,3,121756
1529,"2","LEG",1,3,121529
2208,"2","LEG",1,4,122208
860,"2","LEG",1,4,12860
2206,"2","LEG",1,3,122206
1715,"2","KOR",1,4,121715
1931,"2","KOR",1,5,121931
2095,"2","KOR",1,5,122095
2191,"2","KOR",1,5,122191
2431,"2","KOR",1,6,122431
1521,"2","KOR",1,5,121521
2428,"2","KOR",1,3,122428
1319,"2","KOR",1,4,121319
1285,"2","KOR",1,6,121285
1923,"2","KOR",1,3,121923
1898,"2","KOR",1,5,121898
2393,"2","LEG",1,4,122393
791,"2","LEG",1,4,12791
1360,"2","KOR",1,5,121360
1800,"2","KOR",1,4,121800
1362,"2","KOR",1,4,121362
382,"3","PUN",1,5,13382
1483,"3","PUN",1,5,131483
1455,"3","PUN",1,5,131455
2239,"3","PUN",1,6,132239
827,"3","PUN",1,5,13827
1055,"3","PUN",1,5,131055
20,"3","PUN",1,6,1320
633,"3","PUN",1,4,13633
2200,"3","PUN",1,4,132200
1770,"3","PUN",1,6,131770
2047,"3","PUN",1,5,132047
2155,"3","ZAG",1,4,132155
1524,"3","ZAG",1,4,131524
2160,"3","ZAG",1,4,132160
2229,"3","ZAG",1,4,132229
2322,"3","ZAG",1,4,132322
2161,"3","ZAG",1,3,132161
679,"3","ZAG",1,3,13679
2358,"3","ZAG",1,4,132358
1021,"3","ZAG",1,3,131021
851,"3","ZAG",1,4,13851
2473,"3","ZAG",1,4,132473
2445,"3","PUN",1,4,132445
2432,"3","ZAG",1,4,132432
807,"3","ZAG",1,5,13807
2192,"3","GÓR",1,5,132192
2372,"3","RCZ",1,4,132372
994,"3","RCZ",1,3,13994
951,"3","RCZ",1,4,13951
1416,"3","RCZ",1,4,131416
563,"3","RCZ",1,3,13563
2176,"3","RCZ",1,4,132176
979,"3","RCZ",1,5,13979
106,"3","RCZ",1,3,13106
423,"3","RCZ",1,3,13423
2384,"3","RCZ",1,5,132384
1616,"3","RCZ",1,3,131616
1490,"3","GKS",1,4,131490
1928,"3","GKS",1,4,131928
1853,"3","GKS",1,4,131853
10,"3","GKS",1,4,1310
1900,"3","GKS",1,3,131900
2030,"3","GKS",1,4,132030
2046,"3","GKS",1,3,132046
2285,"3","GKS",1,3,132285
1168,"3","GKS",1,3,131168
1795,"3","STM",1,5,131795
2447,"3","STM",1,5,132447
2307,"3","STM",1,5,132307
1169,"3","STM",1,6,131169
2104,"3","STM",1,6,132104
1299,"3","GKS",1,5,131299
2083,"3","STM",1,5,132083
765,"3","STM",1,8,13765
1920,"3","STM",1,6,131920
1943,"3","STM",1,5,131943
2391,"3","STM",1,4,132391
2205,"3","STM",1,6,132205
1384,"3","JAG",1,6,131384
2439,"3","JAG",1,3,132439
272,"3","JAG",1,5,13272
2220,"3","JAG",1,3,132220
2196,"3","JAG",1,2,132196
461,"3","JAG",1,2,13461
2243,"3","JAG",1,2,132243
2279,"3","JAG",1,3,132279
1751,"3","JAG",1,3,131751
1263,"3","JAG",1,4,131263
1880,"3","JAG",1,2,131880
2450,"3","KOR",1,5,132450
2417,"3","KOR",1,4,132417
2415,"3","KOR",1,4,132415
264,"3","KOR",1,5,13264
2425,"3","KOR",1,5,132425
2314,"3","KOR",1,5,132314
2420,"3","KOR",1,4,132420
2424,"3","KOR",1,6,132424
2419,"3","KOR",1,6,132419
1522,"3","KOR",1,4,131522
1754,"3","KOR",1,4,131754
1400,"3","MOT",1,3,131400
1756,"3","MOT",1,4,131756
2163,"3","MOT",1,5,132163
298,"3","MOT",1,4,13298
2487,"3","MOT",1,5,132487
2458,"3","MOT",1,4,132458
1529,"3","MOT",1,4,131529
2394,"3","MOT",1,6,132394
2208,"3","MOT",1,4,132208
860,"3","MOT",1,6,13860
2206,"3","MOT",1,6,132206
773,"3","KOR",1,4,13773
168,"3","KOR",1,4,13168
1715,"3","PIA",1,4,131715
1931,"3","PIA",1,4,131931
2095,"3","PIA",1,5,132095
2191,"3","PIA",1,3,132191
2431,"3","PIA",1,4,132431
1285,"3","PIA",1,3,131285
2428,"3","PIA",1,3,132428
1521,"3","PIA",1,4,131521
1319,"3","PIA",1,3,131319
1923,"3","PIA",1,5,131923
1898,"3","PIA",1,4,131898
790,"3","LEG",1,6,13790
1241,"3","LEG",1,5,131241
256,"3","LEG",1,5,13256
1386,"3","LEG",1,6,131386
1480,"3","LEG",1,5,131480
587,"3","LEG",1,6,13587
171,"3","LEG",1,7,13171
432,"3","LEG",1,7,13432
1719,"3","LEG",1,5,131719
714,"3","LEG",1,4,13714
942,"3","LEG",1,3,13942
2471,"3","PIA",1,2,132471
2430,"3","PIA",1,2,132430
2317,"3","PIA",1,3,132317
1800,"3","PIA",1,3,131800
1747,"3","LEG",1,5,131747
1322,"3","PIA",1,5,131322
1906,"4","GÓR",1,4,141906
37,"4","GÓR",1,5,1437
950,"4","GÓR",1,4,14950
1781,"4","GÓR",1,4,141781
2435,"4","GÓR",1,4,142435
1926,"4","GÓR",1,5,141926
1879,"4","GÓR",1,5,141879
2365,"4","GÓR",1,4,142365
1688,"4","GÓR",1,6,141688
2082,"4","GÓR",1,4,142082
1493,"4","RAD",1,6,141493
1192,"4","RAD",1,6,141192
2387,"4","RAD",1,4,142387
166,"4","RAD",1,5,14166
2388,"4","RAD",1,5,142388
1680,"4","RAD",1,3,141680
705,"4","RAD",1,4,14705
1471,"4","RAD",1,2,141471
1702,"4","RAD",1,3,141702
2385,"4","RAD",1,6,142385
1146,"4","RAD",1,3,141146
2349,"4","GÓR",1,3,142349
184,"4","GÓR",1,4,14184
1553,"4","RAD",1,6,141553
1540,"4","RAD",1,6,141540
2261,"4","RAD",1,5,142261
1490,"4","LPO",1,5,141490
10,"4","LPO",1,4,1410
1928,"4","LPO",1,5,141928
1341,"4","LPO",1,6,141341
2325,"4","LPO",1,3,142325
1900,"4","LPO",1,4,141900
2030,"4","LPO",1,3,142030
1299,"4","LPO",1,4,141299
2436,"4","LPO",1,2,142436
1168,"4","LPO",1,2,141168
2285,"4","LPO",1,6,142285
1757,"4","RCZ",1,6,141757
2123,"4","RCZ",1,3,142123
1573,"4","RCZ",1,4,141573
1711,"4","RCZ",1,5,141711
1712,"4","RCZ",1,5,141712
244,"4","RCZ",1,5,14244
1632,"4","RCZ",1,4,141632
1791,"4","RCZ",1,2,141791
1964,"4","RCZ",1,3,141964
2238,"4","RCZ",1,2,142238
1214,"4","RCZ",1,2,141214
2451,"4","RCZ",1,2,142451
2480,"4","RCZ",1,3,142480
2234,"4","RCZ",1,5,142234
1400,"4","CRA",1,5,141400
1756,"4","CRA",1,4,141756
298,"4","CRA",1,5,14298
2067,"4","CRA",1,3,142067
2458,"4","CRA",1,4,142458
2268,"4","CRA",1,4,142268
1529,"4","CRA",1,2,141529
2394,"4","CRA",1,4,142394
2208,"4","CRA",1,3,142208
860,"4","CRA",1,4,14860
2206,"4","CRA",1,2,142206
1948,"4","KOR",1,5,141948
1886,"4","KOR",1,8,141886
2283,"4","KOR",1,6,142283
1696,"4","KOR",1,5,141696
2359,"4","KOR",1,3,142359
2353,"4","KOR",1,5,142353
1012,"4","KOR",1,5,141012
1697,"4","KOR",1,6,141697
1971,"4","KOR",1,5,141971
2457,"4","KOR",1,7,142457
2262,"4","KOR",1,4,142262
2315,"4","CRA",1,3,142315
2282,"4","KOR",1,2,142282
2393,"4","CRA",1,3,142393
791,"4","CRA",1,4,14791
2462,"4","KOR",1,5,142462
2286,"4","STM",1,6,142286
2071,"4","STM",1,4,142071
2002,"4","STM",1,5,142002
1250,"4","STM",1,5,141250
2073,"4","STM",1,5,142073
2280,"4","STM",1,5,142280
645,"4","STM",1,4,14645
1486,"4","STM",1,6,141486
1889,"4","STM",1,3,141889
1835,"4","STM",1,5,141835
2312,"4","STM",1,5,142312
1384,"4","POG",1,6,141384
2220,"4","POG",1,4,142220
272,"4","POG",1,4,14272
461,"4","POG",1,3,14461
2196,"4","POG",1,4,142196
1751,"4","POG",1,5,141751
2243,"4","POG",1,4,142243
2279,"4","POG",1,5,142279
1498,"4","POG",1,2,141498
1880,"4","POG",1,3,141880
1263,"4","POG",1,5,141263
2092,"4","STM",1,4,142092
2399,"4","ZAG",1,5,142399
1334,"4","ZAG",1,5,141334
2405,"4","ZAG",1,4,142405
2403,"4","ZAG",1,4,142403
1922,"4","ZAG",1,4,141922
2410,"4","ZAG",1,4,142410
2059,"4","LGD",1,5,142059
2463,"4","ZAG",1,5,142463
2408,"4","ZAG",1,5,142408
2110,"4","ZAG",1,5,142110
2411,"4","ZAG",1,4,142411
382,"4","LGD",1,3,14382
1483,"4","LGD",1,5,141483
1455,"4","LGD",1,5,141455
2239,"4","LGD",1,2,142239
827,"4","LGD",1,5,14827
1055,"4","LGD",1,4,141055
20,"4","LGD",1,4,1420
633,"4","LGD",1,4,14633
2200,"4","LGD",1,3,142200
1770,"4","LGD",1,4,141770
2047,"4","LGD",1,4,142047
2150,"4","ZAG",1,2,142150
1814,"4","LGD",1,6,141814
1653,"4","LGD",1,6,141653
2445,"4","LGD",1,6,142445
2155,"4","LEG",1,5,142155
720,"4","LEG",1,6,14720
2344,"4","PUN",1,5,142344
2229,"4","LEG",1,6,142229
456,"4","LEG",1,5,14456
2161,"4","LEG",1,3,142161
679,"4","LEG",1,5,14679
1524,"4","LEG",1,6,141524
2358,"4","LEG",1,3,142358
2432,"4","LEG",1,6,142432
2473,"4","LEG",1,3,142473
1715,"4","PUN",1,6,141715
1931,"4","PUN",1,4,141931
2095,"4","PUN",1,5,142095
535,"4","PUN",1,4,14535
2431,"4","PUN",1,4,142431
1285,"4","PUN",1,6,141285
2428,"4","PUN",1,2,142428
2317,"4","PUN",1,7,142317
1360,"4","PUN",1,3,141360
2430,"4","PUN",1,2,142430
1923,"4","PUN",1,6,141923
851,"4","LEG",1,4,14851
2322,"4","LEG",1,5,142322
1898,"4","PUN",1,3,141898
923,"4","PUN",1,2,14923
2471,"4","PUN",1,4,142471
2453,"4","PUN",1,5,142453
2323,"4","GÓR",1,7,142323
382,"5","LPO",1,6,15382
1483,"5","LPO",1,5,151483
1455,"5","LPO",1,4,151455
2239,"5","LPO",1,3,152239
827,"5","LPO",1,5,15827
1055,"5","LPO",1,4,151055
1653,"5","LPO",1,5,151653
633,"5","LPO",1,3,15633
2200,"5","LPO",1,4,152200
1814,"5","LPO",1,4,151814
2047,"5","LPO",1,3,152047
1757,"5","ZAG",1,6,151757
2123,"5","ZAG",1,5,152123
1573,"5","ZAG",1,5,151573
1711,"5","ZAG",1,5,151711
1712,"5","ZAG",1,5,151712
1632,"5","ZAG",1,6,151632
244,"5","ZAG",1,4,15244
1791,"5","ZAG",1,1,151791
1964,"5","ZAG",1,6,151964
2234,"5","ZAG",1,6,152234
1475,"5","ZAG",1,4,151475
2445,"5","LPO",1,5,152445
1771,"5","LPO",1,5,151771
640,"5","LPO",1,5,15640
1464,"5","LPO",1,4,151464
1859,"5","ZAG",1,5,151859
2480,"5","ZAG",1,2,152480
2238,"5","ZAG",1,4,152238
392,"5","ZAG",1,5,15392
2286,"5","WID",1,5,152286
2071,"5","WID",1,7,152071
2002,"5","WID",1,5,152002
1250,"5","WID",1,5,151250
2073,"5","WID",1,5,152073
1486,"5","WID",1,5,151486
1889,"5","WID",1,6,151889
1794,"5","WID",1,7,151794
645,"5","WID",1,5,15645
1835,"5","WID",1,6,151835
2214,"5","WID",1,4,152214
2354,"5","POG",1,6,152354
2199,"5","POG",1,4,152199
1987,"5","POG",1,4,151987
813,"5","POG",1,5,15813
2335,"5","POG",1,3,152335
2226,"5","POG",1,3,152226
1944,"5","POG",1,3,151944
2225,"5","POG",1,2,152225
1398,"5","POG",1,3,151398
2242,"5","POG",1,3,152242
455,"5","POG",1,4,15455
2280,"5","WID",1,5,152280
2452,"5","POG",1,2,152452
2444,"5","POG",1,3,152444
2281,"5","POG",1,3,152281
1096,"5","POG",1,3,151096
1411,"5","KOR",1,6,151411
2342,"5","KOR",1,5,152342
2222,"5","KOR",1,4,152222
1953,"5","ŚLĄ",1,4,151953
1582,"5","KOR",1,2,151582
2273,"5","KOR",1,5,152273
2001,"5","KOR",1,4,152001
1268,"5","KOR",1,6,151268
111,"5","KOR",1,3,15111
2244,"5","KOR",1,3,152244
1269,"5","KOR",1,4,151269
1400,"5","ŚLĄ",1,6,151400
1756,"5","ŚLĄ",1,5,151756
2454,"5","ŚLĄ",1,5,152454
298,"5","ŚLĄ",1,5,15298
2458,"5","ŚLĄ",1,6,152458
2268,"5","ŚLĄ",1,5,152268
2315,"5","ŚLĄ",1,5,152315
2394,"5","ŚLĄ",1,4,152394
2208,"5","ŚLĄ",1,4,152208
860,"5","ŚLĄ",1,3,15860
1954,"5","ŚLĄ",1,5,151954
2363,"5","KOR",1,4,152363
2466,"5","KOR",1,4,152466
777,"5","KOR",1,6,15777
791,"5","ŚLĄ",1,4,15791
1529,"5","ŚLĄ",1,3,151529
2206,"5","ŚLĄ",1,6,152206
1715,"5","RAD",1,6,151715
2453,"5","RAD",1,4,152453
535,"5","RAD",1,5,15535
923,"5","RAD",1,5,15923
2431,"5","RAD",1,6,152431
2317,"5","RAD",1,6,152317
2428,"5","RAD",1,5,152428
1521,"5","RAD",1,7,151521
1319,"5","RAD",1,5,151319
1923,"5","RAD",1,6,151923
2471,"5","RAD",1,5,152471
2300,"5","LEG",1,3,152300
37,"5","LEG",1,5,1537
2321,"5","LEG",1,2,152321
1781,"5","LEG",1,4,151781
2435,"5","LEG",1,5,152435
1926,"5","LEG",1,3,151926
184,"5","LEG",1,3,15184
1879,"5","LEG",1,4,151879
1688,"5","LEG",1,5,151688
2365,"5","LEG",1,4,152365
2082,"5","LEG",1,5,152082
1898,"5","RAD",1,6,151898
1285,"5","RAD",1,4,151285
1931,"5","RAD",1,5,151931
2349,"5","LEG",1,4,152349
1681,"5","LEG",1,6,151681
1402,"5","LEG",1,5,151402
1493,"5","RCZ",1,7,151493
1192,"5","RCZ",1,5,151192
2387,"5","RCZ",1,6,152387
166,"5","RCZ",1,4,15166
2388,"5","RCZ",1,4,152388
2386,"5","RCZ",1,6,152386
705,"5","RCZ",1,6,15705
1471,"5","RCZ",1,4,151471
1702,"5","RCZ",1,5,151702
2461,"5","RCZ",1,6,152461
1146,"5","RCZ",1,3,151146
1490,"5","GÓR",1,5,151490
10,"5","GÓR",1,4,1510
1928,"5","GÓR",1,6,151928
1341,"5","GÓR",1,5,151341
2325,"5","GÓR",1,4,152325
1900,"5","GÓR",1,4,151900
2030,"5","GÓR",1,3,152030
1299,"5","GÓR",1,5,151299
2436,"5","GÓR",1,3,152436
2285,"5","GÓR",1,5,152285
1168,"5","GÓR",1,5,151168
1540,"5","RCZ",1,6,151540
2336,"5","RCZ",1,4,152336
2261,"5","RCZ",1,5,152261
1506,"5","GÓR",1,5,151506
2046,"5","GÓR",1,5,152046
2449,"5","GÓR",1,4,152449
2155,"5","LGD",1,0,152155
720,"5","LGD",1,0,15720
2160,"5","LGD",1,0,152160
2229,"5","LGD",1,0,152229
456,"5","LGD",1,0,15456
1524,"5","LGD",1,0,151524
2161,"5","LGD",1,0,152161
679,"5","LGD",1,0,15679
2432,"5","LGD",1,0,152432
2358,"5","LGD",1,0,152358
2473,"5","LGD",1,0,152473
2399,"5","PUN",1,0,152399
2405,"5","PUN",1,0,152405
2494,"5","PUN",1,0,152494
1922,"5","PUN",1,0,151922
2410,"5","PUN",1,0,152410
1334,"5","PUN",1,0,151334
2463,"5","PUN",1,0,152463
2408,"5","PUN",1,0,152408
2110,"5","PUN",1,0,152110
2411,"5","PUN",1,0,152411
1795,"5","CRA",1,3,151795
2447,"5","CRA",1,3,152447
2189,"5","CRA",1,2,152189
2307,"5","CRA",1,2,152307
2104,"5","CRA",1,3,152104
2083,"5","CRA",1,7,152083
86,"5","CRA",1,5,1586
2391,"5","CRA",1,3,152391
395,"5","CRA",1,6,15395
2389,"5","CRA",1,7,152389
1948,"5","JAG",1,5,151948
1886,"5","JAG",1,5,151886
2087,"5","JAG",1,5,152087
1696,"5","JAG",1,6,151696
1012,"5","JAG",1,4,151012
2359,"5","JAG",1,6,152359
2353,"5","JAG",1,3,152353
2262,"5","JAG",1,5,152262
1697,"5","JAG",1,4,151697
2457,"5","JAG",1,6,152457
1971,"5","JAG",1,7,151971
765,"5","CRA",1,5,15765
2205,"5","CRA",1,4,152205
2009,"5","JAG",1,3,152009
1943,"5","CRA",1,3,151943
2088,"5","JAG",1,5,152088
1186,"5","JAG",1,4,151186
2462,"5","JAG",1,5,152462
1773,"6","RCZ",1,3,161773
1334,"6","RCZ",1,3,161334
2405,"6","RCZ",1,2,162405
1724,"6","LGD",1,3,161724
2150,"6","RCZ",1,4,162150
2410,"6","RCZ",1,5,162410
1506,"6","LGD",1,3,161506
2408,"6","RCZ",1,6,162408
2110,"6","RCZ",1,4,162110
2413,"6","RCZ",1,3,162413
1490,"6","LGD",1,5,161490
10,"6","LGD",1,5,1610
1928,"6","LGD",1,5,161928
1341,"6","LGD",1,6,161341
2325,"6","LGD",1,3,162325
1900,"6","LGD",1,6,161900
2030,"6","LGD",1,6,162030
1299,"6","LGD",1,3,161299
2449,"6","LGD",1,2,162449
2436,"6","LGD",1,4,162436
1168,"6","LGD",1,6,161168
1545,"6","LGD",1,5,161545
2476,"6","LGD",1,6,162476
2354,"6","RAD",1,4,162354
2355,"6","WID",1,4,162355
813,"6","RAD",1,6,16813
2444,"6","RAD",1,5,162444
1944,"6","RAD",1,5,161944
2226,"6","RAD",1,5,162226
455,"6","RAD",1,5,16455
2225,"6","RAD",1,6,162225
1398,"6","RAD",1,5,161398
2242,"6","RAD",1,7,162242
1906,"6","WID",1,5,161906
2435,"6","WID",1,2,162435
2321,"6","WID",1,1,162321
1781,"6","WID",1,2,161781
37,"6","WID",1,4,1637
2090,"6","WID",1,3,162090
1926,"6","WID",1,3,161926
2339,"6","WID",1,2,162339
1688,"6","WID",1,3,161688
2365,"6","WID",1,3,162365
2082,"6","WID",1,5,162082
2197,"6","RAD",1,5,162197
2452,"6","RAD",1,6,162452
2281,"6","RAD",1,5,162281
1681,"6","WID",1,4,161681
184,"6","WID",1,6,16184
2450,"6","PUN",1,5,162450
2417,"6","PUN",1,5,162417
850,"6","PUN",1,5,16850
264,"6","PUN",1,5,16264
168,"6","PUN",1,4,16168
2314,"6","PUN",1,3,162314
773,"6","PUN",1,4,16773
2424,"6","PUN",1,5,162424
2419,"6","PUN",1,2,162419
1522,"6","PUN",1,3,161522
2423,"6","PUN",1,5,162423
2155,"6","MOT",1,5,162155
720,"6","MOT",1,5,16720
2160,"6","MOT",1,5,162160
2229,"6","MOT",1,5,162229
456,"6","MOT",1,5,16456
679,"6","MOT",1,4,16679
2161,"6","MOT",1,5,162161
1524,"6","MOT",1,4,161524
2432,"6","MOT",1,3,162432
2358,"6","MOT",1,4,162358
2473,"6","MOT",1,3,162473
2425,"6","PUN",1,3,162425
1754,"6","PUN",1,3,161754
88,"6","MOT",1,5,1688
851,"6","MOT",1,3,16851
1948,"6","GÓR",1,4,161948
1886,"6","GÓR",1,5,161886
2087,"6","GÓR",1,2,162087
1696,"6","GÓR",1,3,161696
2359,"6","GÓR",1,4,162359
2462,"6","GÓR",1,5,162462
2088,"6","GÓR",1,4,162088
1697,"6","GÓR",1,6,161697
1971,"6","GÓR",1,7,161971
2457,"6","GÓR",1,6,162457
2262,"6","GÓR",1,7,162262
1493,"6","CRA",1,3,161493
1192,"6","CRA",1,5,161192
166,"6","CRA",1,2,16166
2261,"6","CRA",1,2,162261
2388,"6","CRA",1,2,162388
2386,"6","CRA",1,5,162386
1471,"6","CRA",1,5,161471
1553,"6","CRA",1,3,161553
2461,"6","CRA",1,7,162461
1146,"6","CRA",1,3,161146
705,"6","CRA",1,7,16705
1012,"6","GÓR",1,6,161012
2371,"6","GÓR",1,6,162371
2353,"6","GÓR",1,5,162353
1540,"6","CRA",1,4,161540
1401,"6","CRA",1,1,161401
2336,"6","CRA",1,3,162336
790,"6","ZAG",1,6,16790
1747,"6","ZAG",1,3,161747
256,"6","ZAG",1,6,16256
1241,"6","ZAG",1,5,161241
1480,"6","ZAG",1,5,161480
432,"6","ZAG",1,5,16432
587,"6","ZAG",1,5,16587
1719,"6","ZAG",1,5,161719
171,"6","ZAG",1,3,16171
714,"6","ZAG",1,6,16714
382,"6","PIA",1,6,16382
1483,"6","PIA",1,4,161483
1455,"6","PIA",1,5,161455
2239,"6","PIA",1,5,162239
827,"6","PIA",1,5,16827
1055,"6","PIA",1,3,161055
20,"6","PIA",1,4,1620
633,"6","PIA",1,5,16633
2200,"6","PIA",1,4,162200
1770,"6","PIA",1,6,161770
2445,"6","PIA",1,3,162445
231,"6","ZAG",1,5,16231
1833,"6","ZAG",1,4,161833
1653,"6","PIA",1,3,161653
1464,"6","PIA",1,3,161464
1757,"6","POG",1,5,161757
2123,"6","POG",1,6,162123
1573,"6","POG",1,5,161573
2448,"6","POG",1,6,162448
1712,"6","POG",1,7,161712
1632,"6","POG",1,7,161632
244,"6","POG",1,7,16244
1964,"6","POG",1,8,161964
2238,"6","POG",1,5,162238
1475,"6","POG",1,3,161475
2286,"6","LPO",1,6,162286
2071,"6","LPO",1,5,162071
2002,"6","LPO",1,4,162002
1250,"6","LPO",1,3,161250
2073,"6","LPO",1,6,162073
645,"6","LPO",1,4,16645
1794,"6","LPO",1,4,161794
1486,"6","LPO",1,3,161486
1889,"6","LPO",1,4,161889
1835,"6","LPO",1,4,161835
2214,"6","LPO",1,5,162214
2451,"6","POG",1,2,162451
2234,"6","POG",1,6,162234
2280,"6","LPO",1,3,162280
2192,"6","LPO",1,3,162192
2092,"6","LPO",1,3,162092
1411,"6","LEG",1,4,161411
2342,"6","LEG",1,6,162342
2222,"6","LEG",1,3,162222
1194,"6","LEG",1,3,161194
777,"6","LEG",1,3,16777
2273,"6","LEG",1,4,162273
2001,"6","LEG",1,4,162001
1268,"6","LEG",1,4,161268
111,"6","LEG",1,2,16111
2466,"6","LEG",1,2,162466
1269,"6","LEG",1,2,161269
1715,"6","ŚLĄ",1,5,161715
2453,"6","ŚLĄ",1,3,162453
535,"6","ŚLĄ",1,3,16535
923,"6","ŚLĄ",1,4,16923
2428,"6","ŚLĄ",1,4,162428
2431,"6","ŚLĄ",1,4,162431
2317,"6","ŚLĄ",1,2,162317
1521,"6","ŚLĄ",1,5,161521
1319,"6","ŚLĄ",1,4,161319
1923,"6","ŚLĄ",1,3,161923
1898,"6","ŚLĄ",1,2,161898
2332,"6","LEG",1,2,162332
1925,"6","ŚLĄ",1,4,161925
2191,"6","ŚLĄ",1,5,162191
701,"6","ŚLĄ",1,3,16701
2471,"6","ŚLĄ",1,3,162471
1400,"6","STM",1,4,161400
2454,"6","STM",1,5,162454
501,"6","STM",1,5,16501
298,"6","STM",1,3,16298
1756,"6","STM",1,5,161756
2268,"6","STM",1,5,162268
2208,"6","STM",1,4,162208
2458,"6","STM",1,5,162458
2394,"6","STM",1,5,162394
2206,"6","STM",1,4,162206
1954,"6","STM",1,5,161954
1766,"6","KOR",1,4,161766
2196,"6","KOR",1,2,162196
2439,"6","KOR",1,3,162439
272,"6","KOR",1,5,16272
2220,"6","KOR",1,4,162220
2279,"6","KOR",1,4,162279
1751,"6","KOR",1,2,161751
2243,"6","KOR",1,3,162243
1263,"6","KOR",1,4,161263
658,"6","KOR",1,4,16658
1880,"6","KOR",1,5,161880
2163,"6","STM",1,5,162163
2393,"6","STM",1,5,162393
1637,"6","KOR",1,4,161637
1438,"6","KOR",1,5,161438
1444,"6","KOR",1,4,161444
2438,"6","KOR",1,5,162438
